Título;Texto
Os looks da nova versão de Lizzie McGuire são muito fashionistas! | Capricho;, nossa série queridinha dos anos 2000, vai ganhar um reboot da , e claro que estamos ansiosas para saber o que a protagonista irá usar na nova versão. Os episódios vão narrar a vida dela aos 30 anos em Nova York, então já estamos imaginando produções superestilosas!“Eu não tenho absolutamente nada para vestir. (/) e a própria Disney+ começaram a dar alguns . Esse aqui, por exemplo, tem calça jeans rasgada, botinha azul e uma blusinha verde com transparência e estampa  que lembram peças antigas da personagem. A post shared by  (@hilaryduff) on  A post shared by  (@everyoutfitonlizziemcguire) on Lizzie McGuire com blusa rosa tie-dye nos anos 2000 (Reprodução/Reprodução)O  ainda vai aparecer nos visuais da Lizzie, só que em um conjuntinho de casaco e saia, combinando com sobretudo mostarda e botinha preta. Uma versão mais sofisticada e adulta do que as que ela usava antes, sabe? A post shared by  (@hilaryduff) on  A post shared by  (@lizziemcguiretv) on Quanto aos , a personagem trocou seu famoso colar de corrente com um coração na ponta da Tiffany & Co. por um mix mais minimalista, mas ainda de correntes. O novo destaque agora fica para o pingente com a letra “L”.Hilary Duff nos bastidores das gravações de Lizzie McGuire (Instagram/Reprodução) A post shared by  (@lizziemcguiretv) on   A beleza também vai mudar. Como estará mais velha, a maquiagem será mais carregada comparada a de sua adolescência, e o cabelo vai ganhar acessórios mais simples e atuais. A post shared by  (@hilaryduff) on  A post shared by  (@everyoutfitonlizziemcguire) on 
Kristen Stewart trocou salto alto por tênis no tapete vermelho e arrasou! | Capricho; mostrou, mais uma vez, que o , independente da ocasião. Afinal, nada melhor do que , certo? Durante a première de seu novo filme, , em Londres, a atriz  que usou para as fotos ao lado do elenco e apostou em .Kristen Stewart durante primière de As Panteras, em Londres (Gareth Cattermole/Getty Images)A atriz chegou ao evento usando um  combinado à acessórios de  (que ela adora!) e . Logo após fazer as fotos na entrada do local, Kristen calçou um modelo de tênis preto e branco , calçado clássico da marca esportiva. Kristen Stewart durante primière de As Panteras, em Londres (Gareth Cattermole/Getty Images)Além do tênis, Kristen também completou a produção com uma com detalhe de pelos na parte interna. Você já reparou como a atriz consegue compor looks com peças de diferentes estilos e sempre deixá-los com a sua cara? Os  para conseguir esse resultado!Vale lembrar que essa não é a primeira vez que Kristen dispensa o salto alto durante um tapete vermelho. No , a atriz ficou descalça e caminhou no  levando seus scarpins nas mãos. No ano anterior, ela  que exige calçados de salto. taking off her heels on the  red carpet is the Monday vibe. That's all. We applaud you. — The Hunt (@thehunt) 
Awn! Billie Eilish lançou uma coleção de roupas infantis muito fofa | Capricho; (Scott Dudelson/Getty Images)Fofura em tamanho mini!  anunciou o lançamento de sua  com o vídeo mais amorzinho ~ever~, e nós estamos apaixonadas! Ela aparece com várias crianças usando look todo verde neon, olha só: A post shared by  (@billieeilish) on As peças da linha são a cara dela – tem camiseta neon, moletom oversized, meia, gorro, bermuda… . Demais, né?! A post shared by  (@blohsh) on Os itens estão à venda no , e os preços vão de US$ 20 (R$ 84) a US$ 60 (R$ 253).Coleção infantil da Billie Eilish. (Billie Eilish Store/Reprodução)
Look do Dia: Selena Gomez brilhou com vestido laranja de veludo | Capricho;Selena Gomez com vestido laranja de veludo (Alberto E. Rodriguez/Getty Images) está arrasando com suas produções nesta , você percebeu? Neste visu, ela escolheu brilhar com este vestido laranja de veludo molhado. O modelo de manga longa é acinturado e tem listras na diagonal e uma gola bem fofa. Para completar a produção, além da sandália de plataforma preta discreta, a cantora optou por uma cor de batom que combinou bastante com a peça. 
Meghan Markle foi eleita o ícone fashion mais influente de 2019 | Capricho; foi eleita , de acordo com o relatório anual de tendências de moda da , plataforma de pesquisa britânica. Segundo os dados coletados pelo site, .Meghan Markle foi eleita como o ícone de estilo mais influente de 2019 (Samir Hussein / Colaborador/Getty Images)Ficou impactada com este dado? Pois tem mais, viu! Em uma viagem recente à África do Sul, Meghan usou cinco vestidos diferentes. Enquanto um deles , o outro teve um . Para o aniversário de 50 anos da nomeação do , a mamãe de Archie escolheu um vestido dourado com bordados, e sua aparição com a roupa gerou um . Poderosa que fala?Meghan Markle, ao lado do Príncipe Harry, usando o vestido dourado que foi recorde de buscas (Dominic Lipinski - WPA Pool/Getty Images)Além de Meghan, , De acordo com a plataforma, o vestido inspirado em Cinderela usado por  para o , que mudava de cor e se iluminava, , que foi a responsável pelo look, . Já  foi a responsável por  deste ano. Após usar várias produções nesse tom, a procura pela cor cresceram cerca de 69%.  também mostrou toda a sua influência na moda. A empresária usou um  para o , em novembro, e teve mais buscas por seu look do que a própria noiva. 
O Victoria’s Secret Fashion Show de 2019 foi oficialmente cancelado | Capricho;É oficial, o desfile da  de 2019 foi cancelado. Depois de muitas críticas e especulações, o grupo, que comanda a grife de lingeries, anunciou nesta quinta-feira (21) que o icônico  deste ano , pois a empresa está “reavaliando as mensagens que quer passar como marca”.Victoria’s Secret Fashion Show 2018 (Getty Images/Getty Images)Os primeiros boatos de que o desfile deste ano não aconteceria começaram há alguns meses após , uma das Angels da marca, . Desde então, a VS vem sofrendo cada vez mais críticas por  .Victoria’s Secret Fashion Show 2017 (Frazer Harrison/Getty Images)O Victoria’s Secret Fashion Show acontecia desde 1995 e marcou a carreira de vários artistas e modelos. , , ,  e foram algumas das top que fizeram parte dos desfiles da marca. O evento contou também com apresentações superproduzidas de cantores como ,  e .Vale lembrar que no início do ano a marca já havia anunciado que . Transmitido pela telinha desde 2001, o show estava perdendo grande parte de sua audiência nos últimos anos. Enquanto em 2013 
Inspire-se: estes são os truques de estilo favoritos da Isa Scherer | Capricho; (Instagram/Reprodução)Basta uma olhada rápida no visual de  para ficar cheia de inspirações e referências de moda – além da vontade imediata de aplicar todas elas no seu próprio guarda-roupa. Atriz, modelo e estilista, Isa tem um e adora usar , mas que fazem toda a diferença, para compor seus looks. Em entrevista à , ela contou como pensa em suas produções e ainda compartilhou como é trabalhar com o universo da moda. Confira! A post shared by  (@isascherer) on  A post shared by  (@isascherer) on Investir em uma combinação diferente de roupas e acessórios pode dar uma cara totalmente diferente à produção, e Isa arrasa nesse quesito. “ e, por  A post shared by  (@isascherer) on  A post shared by  (@isascherer) on “Uma tendência  A post shared by  (@isascherer) on   Isabella levou o seu estilo fashionista para além de suas próprias peças e abriu uma marca de roupas no começo deste ano, a . A atriz, que chegou a cursos a faculdade de moda, revelou que já vinha desenvolvendo a ideia de trabalhar na área há algum tempo: “ A post shared by  (@isascherer) on A moda também ajuda Isabella em sua carreira de atriz. Segundo ela, a: “ A post shared by  (@isascherer) on 
Look do Dia: Lili Reinhart usou vestido peplum de lacinhos todo fofo | Capricho;Lili Reinhart com vestido fofo de lacinhos (Craig Barritt/TIME/Getty Images) mostrou que a tendência do  está em alta, viu? O longo preto e branco da  tem uma camada de telinha cheia de lacinhos, além de laços maiores na cintura e nas mangas bufantes, e um decote belíssimo. A atriz de  completou o visual com um coque baixo e alguns fios soltos na frente. 
Polêmica fashion: o maiô diferentão da Kylie Jenner vira tendência? | Capricho; (Instagram/Reprodução)Já estamos por dentro de quais , mas qual maiô vai fazer sucesso entre as celebridades?  tem um modelo queridinho que é bem ousado, e nossa dúvida é: será que ele vira tendência? A post shared by  (@kyliejenner) on A empresária é fã deste , que possui uma tira bem fininha na lateral que conecta a parte de cima com a de baixo. Ela já usou essa versão com top tomara que caia que tem uma estampa de fogo, da marca Melissa Simone.E também este outro no tom amarelo pastel da sua própria marca, a Kylie Skin, em parceria com a grife Mint Swim. A post shared by  (@kyliejenner) on 
Look do Dia: Joey King apostou em vestido rosa de corações todo romântico | Capricho;Joey King de vestido rosa com estampa de corações (Presley Ann/The Hollywood Reporter/Getty Images)Este vestido rosa com estampa de corações vermelhos brilhantes que a  usou é simplesmente per-fei-to! Ele tem todo um ar romântico, mas a parte de cima com modelagem de  deu um toque sexy à peça. Para completar o visual, a atriz escolheu um sapato em tons de rosa e laranja e poucos acessórios – apenas um brinco e dois anéis – para deixar a atenção voltada ao vestido. 
